Date,Close,Volume
08/03/2026,$19.06,41713230
07/31/2026,$21.72,2509275
07/30/2026,$21.88,2360166
07/29/2026,$21.84,2646616
07/28/2026,$22.16,3964863
07/27/2026,$21.52,3907846
07/24/2026,$21.17,2575289
07/23/2026,$21.35,3683579
07/22/2026,$21.60,3171218
07/21/2026,$21.79,2916158
07/20/2026,$21.76,3923265
07/17/2026,$21.89,2624234
07/16/2026,$21.92,3517633
07/15/2026,$22.26,2560795
07/14/2026,$22.43,2782902
07/13/2026,$22.03,2917353
07/10/2026,$21.68,1846396
07/09/2026,$21.95,2625134
07/08/2026,$21.70,3680657
07/07/2026,$22.20,4749559
07/06/2026,$22.76,4089836
07/02/2026,$22.82,4610975
07/01/2026,$22.64,4476002
06/30/2026,$22.08,4358876
06/29/2026,$22.03,4060319
06/26/2026,$21.76,5703117
06/25/2026,$21.01,3832568
06/24/2026,$21.44,3354265
06/23/2026,$21.08,4002844
06/22/2026,$21.14,6373013
06/18/2026,$21.52,9220054
06/17/2026,$21.51,4680323
06/16/2026,$21.46,6375886
06/15/2026,$21.74,4762916
06/12/2026,$21.77,5328346
06/11/2026,$22.18,6013960
06/10/2026,$22.42,4425814
06/09/2026,$22.28,5686183
06/08/2026,$22.26,5115505
06/05/2026,$21.80,6429236
06/04/2026,$22.27,6818945
06/03/2026,$22.18,17884800
06/02/2026,$20.92,6025010
06/01/2026,$21.36,6769737
05/29/2026,$21.18,6486801
05/28/2026,$21.68,3214665
05/27/2026,$21.68,4203461
05/26/2026,$21.91,5875502
05/22/2026,$21.96,5279747
05/21/2026,$22.49,3145271
05/20/2026,$22.55,6327568
05/19/2026,$22.10,4433264
05/18/2026,$21.91,5260619
05/15/2026,$21.59,5346608
05/14/2026,$21.61,5663144
05/13/2026,$22.08,7356934
05/12/2026,$22.37,11936650
05/11/2026,$23.17,17915540
05/08/2026,$24.28,5957749
05/07/2026,$23.97,8794029
05/06/2026,$25.17,11606480
05/05/2026,$24.23,17979580
05/04/2026,$23.84,40178570
05/01/2026,$26.53,20284940
04/30/2026,$24.95,4492523
04/29/2026,$24.52,7071464
04/28/2026,$25.09,4326845
04/27/2026,$25.41,6260405
04/24/2026,$24.95,5148859
04/23/2026,$25.01,8576900
04/22/2026,$25.66,9643688
04/21/2026,$24.46,6472841
04/20/2026,$24.92,6199668
04/17/2026,$24.55,8161048
04/16/2026,$25.18,10701100
04/15/2026,$24.79,11695360
04/14/2026,$24.03,10482680
04/13/2026,$23.40,5516061
04/10/2026,$23.22,5856407
04/09/2026,$22.87,3163769
04/08/2026,$22.91,6788641
04/07/2026,$23.43,10668310
04/06/2026,$23.08,3660083
04/02/2026,$23.36,3855173
04/01/2026,$22.76,4417720
03/31/2026,$23.04,8431059
03/30/2026,$22.27,6651600
03/27/2026,$22.10,5068847
03/26/2026,$22.56,6905942
03/25/2026,$23.08,7850125
03/24/2026,$22.81,8085909
03/23/2026,$23.03,5227260
03/20/2026,$22.57,7088101
03/19/2026,$23.23,5194519
03/18/2026,$23.36,3075865
03/17/2026,$23.59,3078383
03/16/2026,$23.28,6134901
03/13/2026,$23.53,6399440
03/12/2026,$24.43,5201777
03/11/2026,$24.46,5152608
03/10/2026,$24.37,5144420
03/09/2026,$24.80,7210920
03/06/2026,$24.37,5825288
03/05/2026,$23.88,5297088
03/04/2026,$23.87,3485561
03/03/2026,$23.82,4123953
03/02/2026,$24.20,4620636
02/27/2026,$24.03,4338038
02/26/2026,$24.10,5070542
02/25/2026,$24.22,4568075
02/24/2026,$23.77,5466663
02/23/2026,$23.64,5669358
02/20/2026,$23.43,4169423
02/19/2026,$23.90,3626279
02/18/2026,$23.87,5007822
02/17/2026,$23.26,4338340
02/13/2026,$23.57,6331554
02/12/2026,$23.52,6684495
02/11/2026,$24.21,4755915
02/10/2026,$24.82,5797469
02/09/2026,$24.64,5328353
02/06/2026,$24.98,10022600
02/05/2026,$24.69,10155510
02/04/2026,$24.98,9779719
02/03/2026,$24.52,15876420
02/02/2026,$25.85,24507550
01/30/2026,$23.88,16706710
01/29/2026,$22.81,7555114
01/28/2026,$23.64,8514542
01/27/2026,$24.21,16600910
01/26/2026,$24.01,37432250
01/23/2026,$22.99,10347470
01/22/2026,$23.14,15762960
01/21/2026,$21.69,8366880
01/20/2026,$21.10,6826516
01/16/2026,$21.10,3731495
01/15/2026,$21.36,4995435
01/14/2026,$21.02,4112831
01/13/2026,$21.02,4121054
01/12/2026,$20.98,3563684
01/09/2026,$21.23,5034887
01/08/2026,$21.42,4131769
01/07/2026,$21.29,10674070
01/06/2026,$20.66,3405040
01/05/2026,$20.72,7673734
01/02/2026,$20.62,4551690
12/31/2025,$20.08,6422287
12/30/2025,$20.50,4569480
12/29/2025,$20.53,6005575
12/26/2025,$21.09,3820404
12/24/2025,$21.53,1781042
12/23/2025,$21.38,4384537
12/22/2025,$21.74,6481133
12/19/2025,$22.51,7379321
12/18/2025,$22.56,4589257
12/17/2025,$23.03,6132226
12/16/2025,$22.28,3922858
12/15/2025,$22.09,8010605
12/12/2025,$21.23,5365898
12/11/2025,$21.86,4645586
12/10/2025,$22.12,11543760
12/09/2025,$23.11,9159102
12/08/2025,$23.35,5318919
12/05/2025,$23.00,5688195
12/04/2025,$22.95,7195815
12/03/2025,$23.21,11079700
12/02/2025,$22.81,8105087
12/01/2025,$22.79,7895904
11/28/2025,$22.53,8789295
11/26/2025,$21.63,4644241
11/25/2025,$21.06,4794851
11/24/2025,$20.49,5577591
11/21/2025,$20.14,5514125
11/20/2025,$19.94,6028877
11/19/2025,$20.42,5194324
11/18/2025,$20.50,3733252
11/17/2025,$20.50,4968176
11/14/2025,$20.66,5887642
11/13/2025,$20.96,7415436
11/12/2025,$21.36,4341284
11/11/2025,$21.45,2856338
11/10/2025,$21.49,4724873
11/07/2025,$21.50,6533306
11/06/2025,$21.35,5718101
11/05/2025,$22.01,3885626
11/04/2025,$21.98,5155852
11/03/2025,$22.11,6276116
10/31/2025,$22.29,4990691
10/30/2025,$22.58,6438442
10/29/2025,$23.38,5696936
10/28/2025,$23.30,7984105
10/27/2025,$23.53,9428707
10/24/2025,$23.30,5771165
10/23/2025,$23.63,10637950
10/22/2025,$22.49,11012890
10/21/2025,$22.80,6387180
10/20/2025,$23.37,4424363
10/17/2025,$23.07,6206263
10/16/2025,$22.95,6549759
10/15/2025,$23.38,5018139
10/14/2025,$23.21,4470901
10/13/2025,$23.59,5772105
10/10/2025,$23.30,9744316
10/09/2025,$24.07,11821160
10/08/2025,$24.41,7183811
10/07/2025,$24.35,10779920
10/06/2025,$25.05,11543450
10/03/2025,$25.38,11615910
10/02/2025,$27.22,14525950
10/01/2025,$27.69,8187127
09/30/2025,$27.28,5392802
09/29/2025,$27.21,7979038
09/26/2025,$26.42,8048334
09/25/2025,$25.27,8210462
09/24/2025,$26.25,5508834
09/23/2025,$26.80,7063968
09/22/2025,$26.78,11263600
09/19/2025,$26.08,9567601
09/18/2025,$25.88,7806246
09/17/2025,$26.10,7897132
09/16/2025,$26.34,9829954
09/15/2025,$25.53,9603984
09/12/2025,$24.93,9320071
09/11/2025,$24.85,12512630
09/10/2025,$24.37,46253970
09/09/2025,$23.59,18374440
09/08/2025,$23.22,10151220
09/05/2025,$22.61,11183340
09/04/2025,$22.37,5531803
09/03/2025,$22.88,9771430
09/02/2025,$23.41,9567042
08/29/2025,$22.41,5371497
08/28/2025,$22.79,6482312
08/27/2025,$22.50,6891997
08/26/2025,$22.30,7867554
08/25/2025,$22.68,3801008
08/22/2025,$22.89,5551442
08/21/2025,$22.56,4090609
08/20/2025,$22.63,4388719
08/19/2025,$22.82,5532814
08/18/2025,$23.11,5107095
08/15/2025,$22.94,4965589
08/14/2025,$22.89,4779950
08/13/2025,$23.02,5349328
08/12/2025,$22.93,4887648
08/11/2025,$22.41,5212532
08/08/2025,$22.27,4833088
08/07/2025,$22.65,4456288
08/06/2025,$22.81,4825043
08/05/2025,$22.81,4981405
08/04/2025,$22.63,5059365
08/01/2025,$22.10,7878440
07/31/2025,$22.45,13749910
07/30/2025,$22.45,7956586
07/29/2025,$22.55,6078838
07/28/2025,$22.98,11481940
07/25/2025,$23.33,7090634
07/24/2025,$23.53,6338139
07/23/2025,$23.96,8305149
07/22/2025,$24.26,12006260
07/21/2025,$24.20,17718370
07/18/2025,$23.28,6628396
07/17/2025,$23.40,7307167
07/16/2025,$23.68,7738267
07/15/2025,$23.22,7321570
07/14/2025,$23.70,7769614
07/11/2025,$23.33,11454090
07/10/2025,$23.10,5990997
07/09/2025,$23.19,14641420
07/08/2025,$22.75,7863631
07/07/2025,$22.62,12873530
07/03/2025,$23.59,5566311
07/02/2025,$23.95,6428597
07/01/2025,$23.68,8308047
06/30/2025,$24.39,10439310
06/27/2025,$23.59,11638240
06/26/2025,$23.88,8777965
06/25/2025,$23.55,9840749
06/24/2025,$23.29,11660170
06/23/2025,$22.82,12120490
06/20/2025,$23.46,19994180
06/18/2025,$23.44,14712150
06/17/2025,$22.99,24797600
06/16/2025,$23.32,31522660
06/13/2025,$22.14,59849890
06/12/2025,$22.14,172324500
06/11/2025,$28.55,18039170
06/10/2025,$30.16,8628692
06/09/2025,$30.34,5836161
06/06/2025,$29.58,4379288
06/05/2025,$29.45,6356776
06/04/2025,$29.95,7313977
06/03/2025,$30.10,6086532
06/02/2025,$30.64,7430729
05/30/2025,$29.80,9393388
05/29/2025,$29.57,15887930
05/28/2025,$31.21,44368758
05/27/2025,$35.02,32095757
05/23/2025,$33.06,29441633
05/22/2025,$30.86,21451030
05/21/2025,$28.05,8762022
05/20/2025,$28.51,4795105
05/19/2025,$27.89,4223534
05/16/2025,$28.45,6504447
05/15/2025,$28.63,9364353
05/14/2025,$28.73,14552320
05/13/2025,$28.39,10365260
05/12/2025,$28.05,7395242
05/09/2025,$27.54,7795212
05/08/2025,$26.78,6521684
05/07/2025,$26.01,4386935
05/06/2025,$26.04,5883843
05/05/2025,$26.60,7132359
05/02/2025,$27.48,5579861
05/01/2025,$27.43,5693525
04/30/2025,$27.86,6578094
04/29/2025,$27.26,5497551
04/28/2025,$27.59,6819305
04/25/2025,$27.46,5853359
04/24/2025,$27.08,6212122
04/23/2025,$27.12,8862655
04/22/2025,$27.80,11065950
04/21/2025,$26.77,7689967
04/17/2025,$26.78,7434838
04/16/2025,$26.25,6292788
04/15/2025,$26.70,6738083
04/14/2025,$26.98,10628360
04/11/2025,$26.40,10763659
04/10/2025,$25.02,11545360
04/09/2025,$25.40,17695940
04/08/2025,$23.39,12062270
04/07/2025,$24.29,17191900
04/04/2025,$23.49,20608190
04/03/2025,$21.10,11141890
04/02/2025,$22.69,10965120
04/01/2025,$22.61,14435330
03/31/2025,$22.32,16147930
03/28/2025,$21.73,44771680
03/27/2025,$22.09,95799102
03/26/2025,$28.36,53312960
03/25/2025,$25.40,4660326
03/24/2025,$25.61,5036047
03/21/2025,$24.75,6893871
03/20/2025,$23.51,1998220
03/19/2025,$23.71,3032256
03/18/2025,$23.30,2155842
03/17/2025,$23.50,2899087
03/14/2025,$23.05,3960539
03/13/2025,$21.95,3829828
03/12/2025,$21.99,3718208
03/11/2025,$22.61,4226922
03/10/2025,$22.42,6226934
03/07/2025,$24.00,3463954
03/06/2025,$24.20,3421446
03/05/2025,$25.07,3282452
03/04/2025,$24.30,5068726
03/03/2025,$24.40,4290981
02/28/2025,$25.04,4137068
02/27/2025,$24.48,4589982
02/26/2025,$24.61,3272498
02/25/2025,$24.42,6551451
02/24/2025,$25.00,5980021
02/21/2025,$26.42,6130903
02/20/2025,$27.04,7735228
02/19/2025,$26.00,4382120
02/18/2025,$26.97,5337801
02/14/2025,$27.00,12142610
02/13/2025,$26.34,8255330
02/12/2025,$25.99,3999243
02/11/2025,$26.56,7042658
02/10/2025,$27.12,9694662
02/07/2025,$24.73,3403304
02/06/2025,$24.80,4349516
02/05/2025,$24.93,4580218
02/04/2025,$25.90,3353742
02/03/2025,$25.89,5740535
01/31/2025,$26.90,4544033
01/30/2025,$27.99,3343948
01/29/2025,$27.51,3220404
01/28/2025,$27.46,3169854
01/27/2025,$26.97,5060256
01/24/2025,$27.77,4511646
01/23/2025,$28.33,8828170
01/22/2025,$27.65,5025385
01/21/2025,$27.47,5867780
01/17/2025,$27.51,8977526
01/16/2025,$27.72,4431995
01/15/2025,$27.96,6025350
01/14/2025,$27.88,11796600
01/13/2025,$31.02,5566985
01/10/2025,$32.31,7068203
01/08/2025,$32.96,6319956
01/07/2025,$33.37,13360660
01/06/2025,$32.82,12609410
01/03/2025,$31.65,7425800
01/02/2025,$30.66,7979700
12/31/2024,$31.34,7395300
12/30/2024,$32.01,9593100
12/27/2024,$32.20,10141700
12/26/2024,$32.99,20432900
12/24/2024,$31.14,5523500
12/23/2024,$30.90,8226500
12/20/2024,$29.82,19606700
12/19/2024,$29.00,10338200
12/18/2024,$28.55,13947300
12/17/2024,$31.26,19948100
12/16/2024,$29.44,8700000
12/13/2024,$27.99,6581600
12/12/2024,$28.75,8855700
12/11/2024,$28.97,20485000
12/10/2024,$26.93,18209400
12/09/2024,$27.93,11495400
12/06/2024,$29.06,15161400
12/05/2024,$28.63,40704900
12/04/2024,$27.03,6387500
12/03/2024,$27.44,6009900
12/02/2024,$27.27,13576600
11/29/2024,$29.05,10473700
11/27/2024,$30.89,12895100
11/26/2024,$30.33,24657300
11/25/2024,$29.67,13090400
11/22/2024,$27.90,7975700
11/21/2024,$27.82,10587200
11/20/2024,$28.45,22089700
11/19/2024,$27.57,8698600
11/18/2024,$26.44,8541600
11/15/2024,$26.59,16451800
11/14/2024,$27.37,16502000
11/13/2024,$26.46,18490300
11/12/2024,$26.84,18972700
11/11/2024,$27.26,26633000
11/08/2024,$24.88,15908600
11/07/2024,$23.45,5554400
11/06/2024,$23.10,6648000
11/05/2024,$22.99,5858400
11/04/2024,$22.33,4300200
11/01/2024,$22.41,4744500
10/31/2024,$22.18,5594500
10/30/2024,$23.28,12383600
10/29/2024,$22.68,10078100
10/28/2024,$22.73,13641200
10/25/2024,$20.57,5989000
10/24/2024,$20.63,2682300
10/23/2024,$20.54,2945000
10/22/2024,$20.93,3232300
10/21/2024,$20.70,3956500
10/18/2024,$21.22,5302200
10/17/2024,$21.41,3015300
10/16/2024,$21.66,4264600
10/15/2024,$21.27,4851900
10/14/2024,$21.33,6636600
10/11/2024,$20.83,3931600
10/10/2024,$20.91,4180800
10/09/2024,$20.50,3914000
10/08/2024,$20.71,4840500
10/07/2024,$20.90,5988000
10/04/2024,$21.40,5286200
10/03/2024,$21.20,4665800
10/02/2024,$21.49,5673100
10/01/2024,$21.97,7189200
09/30/2024,$22.93,10161700
09/27/2024,$22.48,7416500
09/26/2024,$22.29,5777500
09/25/2024,$22.18,6139700
09/24/2024,$22.63,12121400
09/23/2024,$22.31,13969500
09/20/2024,$21.85,61919200
09/19/2024,$19.51,8902600
09/18/2024,$19.65,10728200
09/17/2024,$20.16,6307600
09/16/2024,$20.09,5981200
09/13/2024,$20.65,8053700
09/12/2024,$20.40,9567500
09/11/2024,$20.64,28921500
09/10/2024,$23.45,19175500
09/09/2024,$24.25,14064700
09/06/2024,$23.92,23884000
09/05/2024,$22.39,5101200
09/04/2024,$22.12,6700900
09/03/2024,$23.14,11350500
08/30/2024,$23.42,15680700
08/29/2024,$21.51,10428400
08/28/2024,$19.90,5219500
08/27/2024,$20.74,4118800
08/26/2024,$21.36,4780500
08/23/2024,$22.21,4056700
08/22/2024,$22.12,3382500
08/21/2024,$22.55,3163200
08/20/2024,$22.28,3570300
08/19/2024,$22.66,4543500
08/16/2024,$22.40,3641800
08/15/2024,$22.53,5361400
08/14/2024,$21.99,3489400
08/13/2024,$22.27,3913700
08/12/2024,$21.88,4449100
08/09/2024,$21.93,4828900
08/08/2024,$21.75,5439700
08/07/2024,$20.83,6101100
08/06/2024,$21.28,6505300
08/05/2024,$20.65,12205900
08/02/2024,$21.07,9030000
08/01/2024,$21.71,9334400
07/31/2024,$22.67,8005800
07/30/2024,$22.40,9272400
07/29/2024,$23.60,7250200
07/26/2024,$24.13,6833900
07/25/2024,$23.95,8567700
07/24/2024,$24.01,9549200
07/23/2024,$25.50,7921700
07/22/2024,$25.22,14090400
07/19/2024,$24.97,12763300
07/18/2024,$25.88,16969700
07/17/2024,$27.98,23775000
07/16/2024,$28.54,25594500
07/15/2024,$27.00,17136400
07/12/2024,$26.05,16238900
07/11/2024,$25.57,13032700
07/10/2024,$24.97,22325400
07/09/2024,$24.60,9419800
07/08/2024,$24.45,11815500
07/05/2024,$24.18,11782100
07/03/2024,$24.37,11829500
07/02/2024,$23.98,13703500
07/01/2024,$23.33,30689000
06/28/2024,$24.69,20212000
06/27/2024,$25.09,34867000
06/26/2024,$24.20,17903000
06/25/2024,$24.93,27625600
06/24/2024,$23.65,22162900
06/21/2024,$23.93,28004000
06/20/2024,$25.59,36029300
06/18/2024,$24.70,38079200
06/17/2024,$25.22,90351900
06/14/2024,$28.70,82874400
06/13/2024,$29.12,107306600
06/12/2024,$25.46,147986700
06/11/2024,$30.49,146914700
06/10/2024,$24.83,131572400
06/07/2024,$28.22,279054400
06/06/2024,$46.55,206685800
06/05/2024,$31.57,73156400
06/04/2024,$26.50,51662100
06/03/2024,$28.00,165808300
05/31/2024,$23.14,22174300
05/30/2024,$22.61,24508800
05/29/2024,$21.24,26921200
05/28/2024,$23.78,105077600
05/24/2024,$19.00,41886700
05/23/2024,$18.32,30561100
05/22/2024,$21.12,43521400
05/21/2024,$22.12,49250100
05/20/2024,$23.14,55261600
05/17/2024,$22.21,96079600
05/16/2024,$27.67,76177600
05/15/2024,$39.55,131790100
05/14/2024,$48.75,206979100
05/13/2024,$30.45,187241700
05/10/2024,$17.46,36831900
05/09/2024,$18.01,25759300
05/08/2024,$15.92,24775100
05/07/2024,$16.31,24308600
05/06/2024,$16.31,48018700
05/03/2024,$16.47,36292400
05/02/2024,$12.76,8654800
05/01/2024,$10.91,2653200
04/30/2024,$11.09,2866500
04/29/2024,$11.29,3821500
04/26/2024,$11.90,7685100
04/25/2024,$11.21,4903800
04/24/2024,$10.93,4829600
04/23/2024,$10.16,2511800
04/22/2024,$10.01,3261000
04/19/2024,$10.42,2455100
04/18/2024,$10.31,2175400
04/17/2024,$10.30,2096700
04/16/2024,$10.37,4162100
04/15/2024,$10.06,5086300
04/12/2024,$10.77,3196300
04/11/2024,$11.29,3802100
04/10/2024,$10.85,3546200
04/09/2024,$11.01,3514400
04/08/2024,$10.83,3659100
04/05/2024,$11.25,4750800
04/04/2024,$11.53,4347000
04/03/2024,$11.38,4331500
04/02/2024,$11.28,6327700
04/01/2024,$11.99,9207100
03/28/2024,$12.52,8473500
03/27/2024,$13.17,17871300
03/26/2024,$15.50,17245800
03/25/2024,$15.12,10416300
03/22/2024,$13.10,4400000
03/21/2024,$13.66,3382800
03/20/2024,$13.48,3921300
03/19/2024,$13.41,3894700
03/18/2024,$13.91,3490800
03/15/2024,$14.24,4476500
03/14/2024,$14.63,2534200
03/13/2024,$14.87,2898100
03/12/2024,$14.72,2382600
03/11/2024,$14.43,2111900
03/08/2024,$14.65,3165700
03/07/2024,$15.26,2111900
03/06/2024,$15.26,3818100
03/05/2024,$15.00,3152700
03/04/2024,$15.22,4367600
03/01/2024,$14.95,4890900
02/29/2024,$14.27,2638700
02/28/2024,$14.24,2440700
02/27/2024,$14.21,2795500
02/26/2024,$13.68,2278600
02/23/2024,$13.51,2319700
02/22/2024,$13.36,1817800
02/21/2024,$13.41,1731300
02/20/2024,$13.49,3784500
02/16/2024,$14.12,2297200
02/15/2024,$14.51,2400500
02/14/2024,$14.41,2504400
02/13/2024,$14.17,3788700
02/12/2024,$14.73,2750100
02/09/2024,$14.66,3575300
02/08/2024,$14.35,1838300
02/07/2024,$14.07,1947800
02/06/2024,$14.10,3047800
02/05/2024,$13.46,4361500
02/02/2024,$14.73,2922600
02/01/2024,$14.42,2220200
01/31/2024,$14.23,2684700
01/30/2024,$14.55,1652600
01/29/2024,$14.78,2164200
01/26/2024,$14.49,2288800
01/25/2024,$14.52,3635900
01/24/2024,$13.95,2513800
01/23/2024,$14.18,3495300
01/22/2024,$14.90,3606500
01/19/2024,$14.51,2391500
01/18/2024,$14.29,3906000
01/17/2024,$14.08,2706200
01/16/2024,$13.98,3581200
01/12/2024,$14.75,2475500
01/11/2024,$15.25,2992200
01/10/2024,$15.73,3191700
01/09/2024,$15.16,3105300
01/08/2024,$15.79,3031100
01/05/2024,$15.96,2615700
01/04/2024,$16.36,2671500
01/03/2024,$16.69,4193600
01/02/2024,$16.67,4428000
12/29/2023,$17.53,4524200
12/28/2023,$18.07,3574800
12/27/2023,$18.37,4800100
12/26/2023,$17.36,3079600
12/22/2023,$16.97,3325100
12/21/2023,$16.98,3975300
12/20/2023,$16.93,5553000
12/19/2023,$17.72,5447100
12/18/2023,$17.86,7352200
12/15/2023,$17.26,7110100
12/14/2023,$17.44,10750700
12/13/2023,$16.69,9086900
12/12/2023,$15.22,4210700
12/11/2023,$15.07,4961200
12/08/2023,$15.55,10375400
12/07/2023,$16.36,19840700
12/06/2023,$14.84,12691300
12/05/2023,$14.91,14220100
12/04/2023,$16.98,20098700
12/01/2023,$15.30,13347300
11/30/2023,$14.55,16537200
11/29/2023,$16.25,61172800
11/28/2023,$13.49,14192900
11/27/2023,$11.91,3710600
11/24/2023,$12.20,1232500
11/22/2023,$12.29,2358800
11/21/2023,$12.55,3710100
11/20/2023,$12.80,2294900
11/17/2023,$13.03,3414200
11/16/2023,$12.53,3425800
11/15/2023,$13.27,4121600
11/14/2023,$12.90,5187500
11/13/2023,$12.14,4318500
11/10/2023,$12.54,3872400
11/09/2023,$12.70,2750100
11/08/2023,$13.28,1705600
11/07/2023,$13.64,2354400
11/06/2023,$13.53,2164400
11/03/2023,$13.87,2963100
11/02/2023,$13.64,3566600
11/01/2023,$13.01,3430100
10/31/2023,$13.77,4574600
10/30/2023,$12.80,3475900
10/27/2023,$13.12,2481700
10/26/2023,$13.50,2036400
10/25/2023,$13.71,1967300
10/24/2023,$14.04,3738300
10/23/2023,$13.44,2785500
10/20/2023,$13.44,3657600
10/19/2023,$13.16,5808000
10/18/2023,$13.85,4045800
10/17/2023,$14.12,3842400
10/16/2023,$14.43,3508600
10/13/2023,$14.92,1823300
10/12/2023,$15.09,3180300
10/11/2023,$15.82,2098200
10/10/2023,$16.00,2915900
10/09/2023,$15.40,2276300
10/06/2023,$15.08,2458300
10/05/2023,$14.71,1945100
10/04/2023,$14.87,2586400
10/03/2023,$14.60,4510300
10/02/2023,$15.39,6087700
09/29/2023,$16.46,3388600
09/28/2023,$16.84,7431900
09/27/2023,$17.15,1681300
09/26/2023,$16.78,2726800
09/25/2023,$17.67,2181200
09/22/2023,$17.18,2100300
09/21/2023,$17.02,2910700
09/20/2023,$17.52,2129800
09/19/2023,$17.52,2584200
09/18/2023,$17.55,3694600
09/15/2023,$18.22,6158000
09/14/2023,$18.33,3078000
09/13/2023,$17.81,3012600
09/12/2023,$17.23,5179400
09/11/2023,$17.02,3543800
09/08/2023,$17.71,4689200
09/07/2023,$18.89,5021300
09/06/2023,$18.75,6107200
09/05/2023,$19.23,3781300
09/01/2023,$18.42,2131800
08/31/2023,$18.55,4674100
08/30/2023,$18.37,1884500
08/29/2023,$18.24,2709200
08/28/2023,$17.57,3007400
08/25/2023,$17.13,3423500
08/24/2023,$16.36,3624500
08/23/2023,$16.89,2909100
08/22/2023,$17.26,3791900
08/21/2023,$18.48,2864700
08/18/2023,$18.36,2023900
08/17/2023,$18.38,2056800
08/16/2023,$18.59,3015600
08/15/2023,$19.33,2290300
08/14/2023,$19.96,3329300
08/11/2023,$20.19,1500200
08/10/2023,$20.19,1432400
08/09/2023,$19.93,2929600
08/08/2023,$20.74,1431300
08/07/2023,$21.07,1441300
08/04/2023,$20.98,2400500
08/03/2023,$20.93,1318700
08/02/2023,$20.83,2625800
08/01/2023,$21.50,2567100
07/31/2023,$22.20,1973400
07/28/2023,$21.93,2642100
07/27/2023,$22.22,3370900
07/26/2023,$22.70,1489200
07/25/2023,$22.85,1672000
07/24/2023,$23.04,2970400
07/21/2023,$22.18,3134100
07/20/2023,$22.91,2256700
07/19/2023,$23.17,2250100
07/18/2023,$23.08,2345100
07/17/2023,$22.82,2026000
07/14/2023,$22.97,2175300
07/13/2023,$23.46,1912200
07/12/2023,$23.44,1742200
07/11/2023,$23.91,3063500
07/10/2023,$23.54,3318200
07/07/2023,$22.71,2439600
07/06/2023,$22.83,2384600
07/05/2023,$23.90,2263100
07/03/2023,$24.91,1806600
06/30/2023,$24.25,2797500
06/29/2023,$24.90,3101000
06/28/2023,$24.98,3493900
06/27/2023,$23.58,2141500
06/26/2023,$23.02,2525200
06/23/2023,$23.70,2230800
06/22/2023,$24.32,1889600
06/21/2023,$24.43,2404700
06/20/2023,$24.58,3250700
06/16/2023,$24.56,4427000
06/15/2023,$24.84,5501800
06/14/2023,$25.70,7243700
06/13/2023,$26.95,17160600
06/12/2023,$24.30,7131400
06/09/2023,$22.68,10321200
06/08/2023,$21.44,19213300
06/07/2023,$26.11,18001100
06/06/2023,$24.69,3984300
06/05/2023,$24.31,4201900
06/02/2023,$24.64,3293100
06/01/2023,$24.10,3845000
05/31/2023,$24.05,4265200
05/30/2023,$24.57,5037800
05/26/2023,$23.25,2261900
05/25/2023,$23.35,2494400
05/24/2023,$23.27,1901000
05/23/2023,$23.16,3786500
05/22/2023,$24.21,6251600
05/19/2023,$22.06,2665900
05/18/2023,$23.05,2144400
05/17/2023,$22.87,4573000
05/16/2023,$21.99,2498000
05/15/2023,$21.62,2602000
05/12/2023,$20.69,2003900
05/11/2023,$20.88,1652500
05/10/2023,$20.76,2139900
05/09/2023,$20.24,1522700
05/08/2023,$20.51,2402800
05/05/2023,$20.42,4353700
05/04/2023,$19.35,2041800
05/03/2023,$18.90,3184000
05/02/2023,$18.58,1918300
05/01/2023,$18.55,2356600
04/28/2023,$19.29,2835200
04/27/2023,$18.94,2238900
04/26/2023,$18.65,2287600
04/25/2023,$19.00,2560800
04/24/2023,$19.93,2742400
04/21/2023,$20.49,2085900
04/20/2023,$20.22,2977400
04/19/2023,$21.31,2539500
04/18/2023,$21.61,2748700
04/17/2023,$22.28,2066600
04/14/2023,$22.46,2312400
04/13/2023,$22.55,1803900
04/12/2023,$22.26,2141100
04/11/2023,$22.69,2540000
04/10/2023,$22.37,2176100
04/06/2023,$22.40,2506900
04/05/2023,$22.07,3638100
04/04/2023,$22.35,3421500
04/03/2023,$23.17,4274500
03/31/2023,$23.02,3880300
03/30/2023,$22.50,3477600
03/29/2023,$22.46,4161400
03/28/2023,$23.15,5711700
03/27/2023,$23.00,4580800
03/24/2023,$23.98,8756400
03/23/2023,$22.58,11168900
03/22/2023,$23.87,66764700
03/21/2023,$17.65,15882900
03/20/2023,$16.87,4463700
03/17/2023,$16.60,5105500
03/16/2023,$16.76,4083000
03/15/2023,$15.95,4541500
03/14/2023,$16.91,3077400
03/13/2023,$16.75,2959100
03/10/2023,$17.25,2845500
03/09/2023,$17.52,2652600
03/08/2023,$18.17,3277800
03/07/2023,$18.06,2375300
03/06/2023,$18.65,2815300
03/03/2023,$18.70,2505500
03/02/2023,$18.19,2622100
03/01/2023,$18.15,4210100
02/28/2023,$19.23,3373800
02/27/2023,$19.10,4006700
02/24/2023,$19.54,2277600
02/23/2023,$20.14,2862000
02/22/2023,$20.52,2164900
02/21/2023,$20.66,3100300
02/17/2023,$21.99,2851000
02/16/2023,$21.60,3879000
02/15/2023,$21.80,7137800
02/14/2023,$19.87,2746300
02/13/2023,$19.69,2299300
02/10/2023,$19.27,2902700
02/09/2023,$19.67,4497400
02/08/2023,$21.10,2846400
02/07/2023,$21.22,9093700
02/06/2023,$23.86,8708400
02/03/2023,$22.25,4935900
02/02/2023,$22.70,7655700
02/01/2023,$21.83,4517200
01/31/2023,$21.87,3128400
01/30/2023,$21.25,4950600
01/27/2023,$22.82,11897200
01/26/2023,$20.01,3520000
01/25/2023,$20.23,3515800
01/24/2023,$21.40,2381600
01/23/2023,$21.66,7181500
01/20/2023,$19.61,3564300
01/19/2023,$19.04,4519200
01/18/2023,$20.79,5632200
01/17/2023,$21.80,5407900
01/13/2023,$20.49,5494400
01/12/2023,$20.63,5877300
01/11/2023,$19.04,8405800
01/10/2023,$17.77,4402800
01/09/2023,$16.38,3522600
01/06/2023,$16.46,4823400
01/05/2023,$16.22,6066200
01/04/2023,$17.32,3939300
01/03/2023,$17.20,5135200
12/30/2022,$18.46,2669500
12/29/2022,$18.33,3442800
12/28/2022,$17.92,5672000
12/27/2022,$18.20,4233000
12/23/2022,$20.08,3174800
12/22/2022,$19.81,5343100
12/21/2022,$20.56,2793600
12/20/2022,$20.26,4479000
12/19/2022,$19.92,3700600
12/16/2022,$20.80,9379700
12/15/2022,$20.58,6444500
12/14/2022,$21.05,4604800
12/13/2022,$21.00,6305600
12/12/2022,$22.67,3750800
12/09/2022,$22.63,5326700
12/08/2022,$24.79,10252000
12/07/2022,$22.26,10078200
12/06/2022,$23.39,7699300
12/05/2022,$25.56,4973700
12/02/2022,$27.52,4577200
12/01/2022,$26.60,7615200
11/30/2022,$26.21,3731100
11/29/2022,$25.60,2029500
11/28/2022,$25.29,2440900
11/25/2022,$26.17,1122700
11/23/2022,$26.70,2737500
11/22/2022,$26.30,4240400
11/21/2022,$25.16,4443300
11/18/2022,$27.60,3087400
11/17/2022,$27.76,2477700
11/16/2022,$27.14,2452300
11/15/2022,$27.59,5392000
11/14/2022,$26.05,4352200
11/11/2022,$26.10,3986200
11/10/2022,$24.88,6107000
11/09/2022,$23.11,8464800
11/08/2022,$25.14,4695100
11/07/2022,$25.76,3303600
11/04/2022,$26.51,4138000
11/03/2022,$26.29,3384400
11/02/2022,$26.62,4143900
11/01/2022,$28.39,5147500
10/31/2022,$28.31,24027600
10/28/2022,$28.17,8089600
10/27/2022,$25.93,2422900
10/26/2022,$25.42,3858200
10/25/2022,$26.87,7791600
10/24/2022,$24.71,3114300
10/21/2022,$25.30,3036300
10/20/2022,$24.41,5148600
10/19/2022,$24.54,5318400
10/18/2022,$26.67,4402600
10/17/2022,$25.96,3172200
10/14/2022,$24.63,2773500
10/13/2022,$25.56,3516200
10/12/2022,$25.36,3284400
10/11/2022,$25.27,4195900
10/10/2022,$25.00,2917600
10/07/2022,$25.35,3270600
10/06/2022,$25.99,2418700
10/05/2022,$26.39,2986400
10/04/2022,$27.60,4581900
10/03/2022,$25.38,2653900
09/30/2022,$25.13,3148300
09/29/2022,$25.46,4118200
09/28/2022,$27.31,2630100
09/27/2022,$26.13,4487200
09/26/2022,$24.48,3440300
09/23/2022,$25.04,3622400
09/22/2022,$24.70,4346500
09/21/2022,$26.86,3859200
09/20/2022,$27.54,3145900
09/19/2022,$28.96,3404000
09/16/2022,$28.64,4656000
09/15/2022,$28.61,3329500
09/14/2022,$28.13,3605800
09/13/2022,$27.85,3657200
09/12/2022,$29.24,6175200
09/09/2022,$28.92,7899800
09/08/2022,$25.83,14142200
09/07/2022,$24.04,12504700
09/06/2022,$25.14,7010200
09/02/2022,$27.36,4680100
09/01/2022,$27.63,5293900
08/31/2022,$28.64,5157000
08/30/2022,$29.84,5060200
08/29/2022,$31.55,4292700
08/26/2022,$30.94,4297300
08/25/2022,$31.96,4726300
08/24/2022,$32.50,5620300
08/23/2022,$33.53,4836300
08/22/2022,$34.50,5798600
08/19/2022,$36.49,9551900
08/18/2022,$37.93,8145400
08/17/2022,$40.52,9766400
08/16/2022,$42.19,23602800
08/15/2022,$39.68,5243100
08/12/2022,$40.74,5120000
08/11/2022,$39.45,5140500
08/10/2022,$40.53,5434700
08/09/2022,$40.37,6954200
08/08/2022,$43.45,17987100
08/05/2022,$40.02,8124200
08/04/2022,$38.36,5421500
08/03/2022,$37.93,5186500
08/02/2022,$35.84,4697100
08/01/2022,$34.78,4196600
07/29/2022,$34.01,3988800
07/28/2022,$33.84,3207400
07/27/2022,$33.78,4251200
07/26/2022,$32.43,4866100
07/25/2022,$33.98,5686300
07/22/2022,$35.78,10060200
07/21/2022,$38.37,9277600
07/20/2022,$39.69,11400400
07/19/2022,$37.92,12828000
07/18/2022,$36.66,11155200
07/15/2022,$35.41,9832400
07/14/2022,$34.05,20970400
07/13/2022,$35.32,13703600
07/12/2022,$34.28,16899600
07/11/2022,$32.52,7532800
07/08/2022,$32.13,13199600
07/07/2022,$33.78,30313600
07/06/2022,$29.36,9988800
07/05/2022,$30.06,6036000
07/01/2022,$30.85,6617200
06/30/2022,$30.58,6718800
06/29/2022,$30.72,6826400
06/28/2022,$31.09,6610000
06/27/2022,$32.42,9745600
06/24/2022,$33.80,16995600
06/23/2022,$35.51,6682800
06/22/2022,$34.62,7838000
06/21/2022,$35.07,12512400
06/17/2022,$33.78,12340800
06/16/2022,$31.43,9995200
06/15/2022,$32.32,10764400
06/14/2022,$31.54,12739200
06/13/2022,$29.56,13792800
06/10/2022,$32.27,11820000
06/09/2022,$32.24,13114400
06/08/2022,$34.68,24473600
06/07/2022,$36.63,24967600
06/06/2022,$32.03,9532800
06/03/2022,$33.42,18234400
06/02/2022,$33.50,27918800
06/01/2022,$30.35,14991600
05/31/2022,$31.18,19084400
05/27/2022,$34.30,30045200
05/26/2022,$32.12,57892400
05/25/2022,$28.79,40060000
05/24/2022,$22.29,8879600
05/23/2022,$24.03,6994000
05/20/2022,$23.92,9972000
05/19/2022,$24.80,12720400
05/18/2022,$22.87,11560000
05/17/2022,$25.09,10444800
05/16/2022,$22.95,11582000
05/13/2022,$24.60,23930800
05/12/2022,$22.39,40139600
05/11/2022,$20.33,16681200
05/10/2022,$23.38,16603200
05/09/2022,$24.70,13264800
05/06/2022,$28.67,7161600
05/05/2022,$29.78,7015600
05/04/2022,$31.77,6651200
05/03/2022,$30.11,7312800
05/02/2022,$29.89,10172000
04/29/2022,$31.27,5143600
04/28/2022,$32.33,7070000
04/27/2022,$32.46,5223600
04/26/2022,$31.90,6182800
04/25/2022,$33.99,6139200
04/22/2022,$34.56,6278400
04/21/2022,$35.39,6737600
04/20/2022,$37.21,4648000
04/19/2022,$38.12,9416800
04/18/2022,$35.37,9871200
04/14/2022,$37.69,10002400
04/13/2022,$37.67,8032800
04/12/2022,$36.22,7996400
04/11/2022,$36.73,9812000
04/08/2022,$36.55,10371600
04/07/2022,$37.50,15311200
04/06/2022,$39.16,16268000
04/05/2022,$38.40,15825200
04/04/2022,$42.68,18519200
04/01/2022,$41.25,52758400
03/31/2022,$41.65,44968800
03/30/2022,$41.71,36676800
03/29/2022,$44.97,72046000
03/28/2022,$47.40,65266000
03/25/2022,$37.99,53535600
03/24/2022,$35.60,36400800
03/23/2022,$35.25,98399200
03/22/2022,$30.78,60068800
03/21/2022,$23.55,15812400
03/18/2022,$22.70,35688400
03/17/2022,$21.92,13796400
03/16/2022,$21.72,10615600
03/15/2022,$20.66,14115200
03/14/2022,$19.53,18134400
03/11/2022,$23.17,8822000
03/10/2022,$25.14,5582000
03/09/2022,$26.30,5598400
03/08/2022,$25.75,8536000
03/07/2022,$24.84,12591600
03/04/2022,$27.92,5911200
03/03/2022,$29.60,4382400
03/02/2022,$30.49,5242800
03/01/2022,$29.75,4384000
02/28/2022,$30.83,6458000
02/25/2022,$29.65,6841200
02/24/2022,$31.15,9024800
02/23/2022,$28.72,5393200
02/22/2022,$29.51,6156400
02/18/2022,$30.38,6214000
02/17/2022,$30.85,6256400
02/16/2022,$32.08,8007600
02/15/2022,$31.54,7911600
02/14/2022,$29.27,9102800
02/11/2022,$31.06,11299200
02/10/2022,$30.62,14826000
02/09/2022,$31.07,15467600
02/08/2022,$28.90,19839600
02/07/2022,$25.58,7037600
02/04/2022,$25.58,7627200
02/03/2022,$24.81,10710000
02/02/2022,$25.01,13116400
02/01/2022,$28.15,13847600
01/31/2022,$27.23,13997200
01/28/2022,$24.48,16430400
01/27/2022,$23.38,14644400
01/26/2022,$25.82,33330000
01/25/2022,$24.95,14297200
01/24/2022,$25.04,25039600
01/21/2022,$26.59,22120000
01/20/2022,$25.67,11680400
01/19/2022,$26.64,9614400
01/18/2022,$27.23,15022400
01/14/2022,$29.16,15402000
01/13/2022,$30.62,8901200
01/12/2022,$32.01,6298000
01/11/2022,$32.58,10332400
01/10/2022,$32.79,22048000
01/07/2022,$35.15,48549200
01/06/2022,$32.76,24206000
01/05/2022,$32.34,13585600
01/04/2022,$37.23,7339600
01/03/2022,$38.21,5654800
12/31/2021,$37.10,5576000
12/30/2021,$38.83,6247600
12/29/2021,$38.48,8149600
12/28/2021,$36.62,5324400
12/27/2021,$37.08,6454400
12/23/2021,$38.03,4222000
12/22/2021,$38.50,4188800
12/21/2021,$39.53,5720800
12/20/2021,$39.28,7314400
12/17/2021,$38.91,17226800
12/16/2021,$36.15,8659200
12/15/2021,$37.15,11064000
12/14/2021,$36.92,26048400
12/13/2021,$34.22,21944800
12/10/2021,$39.75,18107600
12/09/2021,$38.94,20337200
12/08/2021,$43.41,10444800
12/07/2021,$44.45,7889600
12/06/2021,$41.78,8914400
12/03/2021,$43.10,16386800
12/02/2021,$45.39,8348400
12/01/2021,$44.96,9406000
11/30/2021,$49.05,6895600
11/29/2021,$50.50,4435200
11/26/2021,$49.93,4941200
11/24/2021,$52.94,5237600
11/23/2021,$53.47,13380800
11/22/2021,$61.89,17485600
11/19/2021,$57.20,12136800
11/18/2021,$52.53,4017600
11/17/2021,$52.50,5410800
11/16/2021,$51.79,4858400
11/15/2021,$52.28,5865600
11/12/2021,$50.53,3712000
11/11/2021,$51.08,4317600
11/10/2021,$49.80,5237600
11/09/2021,$51.65,7381200
11/08/2021,$54.66,8631600
11/05/2021,$53.31,7242800
11/04/2021,$54.46,11632000
11/03/2021,$54.58,45062400
11/02/2021,$51.75,15529200
11/01/2021,$50.02,19776800
10/29/2021,$45.88,9176000
10/28/2021,$45.71,6784800
10/27/2021,$43.38,4428000
10/26/2021,$44.46,8706800
10/25/2021,$43.49,5771200
10/22/2021,$42.45,11201600
10/21/2021,$45.43,9609600
10/20/2021,$46.13,9107600
10/19/2021,$46.70,8282400
10/18/2021,$46.51,6358400
10/15/2021,$45.82,4800000
10/14/2021,$45.96,6695600
10/13/2021,$46.01,7711600
10/12/2021,$43.96,4934800
10/11/2021,$44.53,10739600
10/08/2021,$43.17,3272800
10/07/2021,$43.03,4637200
10/06/2021,$42.77,4801200
10/05/2021,$43.04,5263600
10/04/2021,$42.84,4782800
10/01/2021,$44.23,6204400
09/30/2021,$43.87,12682800
09/29/2021,$43.98,7599600
09/28/2021,$44.65,7082000
09/27/2021,$47.37,5880400
09/24/2021,$46.29,6743200
09/23/2021,$47.81,6729200
09/22/2021,$47.53,9026400
09/21/2021,$47.49,10535200
09/20/2021,$48.05,15767200
09/17/2021,$51.24,15783600
09/16/2021,$51.59,12232800
09/15/2021,$51.13,9241600
09/14/2021,$49.81,8566400
09/13/2021,$50.85,17336400
09/10/2021,$47.60,12170400
09/09/2021,$49.79,30046000
09/08/2021,$49.70,20694400
09/07/2021,$49.75,9985200
09/03/2021,$50.69,10634400
09/02/2021,$53.38,7408000
09/01/2021,$53.24,17815200
08/31/2021,$54.56,14298800
08/30/2021,$52.30,13238400
08/27/2021,$51.24,12923200
08/26/2021,$51.31,24954400
08/25/2021,$49.91,51444400
08/24/2021,$52.57,58608800
08/23/2021,$41.22,5372000
08/20/2021,$39.83,4619600
08/19/2021,$38.22,4786000
08/18/2021,$39.26,5647200
08/17/2021,$40.89,4863600
08/16/2021,$40.98,6290400
08/13/2021,$40.63,4059200
08/12/2021,$40.59,5271200
08/11/2021,$39.69,3781600
08/10/2021,$39.76,6493200
08/09/2021,$40.28,8996800
08/06/2021,$37.94,5410800
08/05/2021,$38.36,9648400
08/04/2021,$36.70,9574000
08/03/2021,$38.19,57802400
08/02/2021,$39.41,10131600
07/30/2021,$40.28,9508400
07/29/2021,$41.22,8960000
07/28/2021,$42.28,16403200
07/27/2021,$44.63,4859200
07/26/2021,$45.99,5042400
07/23/2021,$45.09,5264800
07/22/2021,$44.71,5652000
07/21/2021,$46.45,8916800
07/20/2021,$47.79,12404400
07/19/2021,$43.37,9747600
07/16/2021,$42.26,13151600
07/15/2021,$41.71,17194400
07/14/2021,$41.90,15655200
07/13/2021,$45.01,9591600
07/12/2021,$47.31,6545200
07/09/2021,$47.81,6331600
07/08/2021,$47.85,11430000
07/07/2021,$47.67,16958000
07/06/2021,$49.89,11072400
07/02/2021,$50.71,10396400
07/01/2021,$51.09,10968400
06/30/2021,$53.53,10158400
06/29/2021,$52.72,9920000
06/28/2021,$53.31,19517600
06/25/2021,$52.38,50770800
06/24/2021,$53.08,15453200
06/23/2021,$54.83,14220400
06/22/2021,$55.10,32800800
06/21/2021,$50.09,20480800
06/18/2021,$53.46,17281200
06/17/2021,$55.90,18434400
06/16/2021,$55.74,22259200
06/15/2021,$55.63,29207600
06/14/2021,$57.36,28530400
06/11/2021,$58.33,62323200
06/10/2021,$55.10,91920800
06/09/2021,$75.64,53717200
06/08/2021,$75.00,69756400
06/07/2021,$70.00,24206000
06/04/2021,$62.09,14550000
06/03/2021,$64.54,32000000
06/02/2021,$70.56,64076800
06/01/2021,$62.26,38502400
05/28/2021,$55.50,47005600
05/27/2021,$63.53,62105200
05/26/2021,$60.64,84479600
05/25/2021,$52.36,59550000
05/24/2021,$45.00,18657200
05/21/2021,$44.20,14618800
05/20/2021,$42.62,9912800
05/19/2021,$42.21,19303600
05/18/2021,$45.17,30954800
05/17/2021,$45.15,29848400
05/14/2021,$39.98,17174000
05/13/2021,$41.13,35494000
05/12/2021,$36.20,10926000
05/11/2021,$36.73,18738400
05/10/2021,$35.81,19226800
05/07/2021,$40.28,11738400
05/06/2021,$40.25,11771200
05/05/2021,$39.87,11221600
05/04/2021,$40.18,16030000
05/03/2021,$40.55,21044000
04/30/2021,$43.40,17734400
04/29/2021,$44.05,15041200
04/28/2021,$44.65,23155600
04/27/2021,$44.44,35730800
04/26/2021,$42.23,42128400
04/23/2021,$37.79,16116400
04/22/2021,$37.79,17383200
04/21/2021,$39.63,15251200
04/20/2021,$39.63,18634400
04/19/2021,$41.09,42080800
04/16/2021,$38.67,20858800
04/15/2021,$39.11,31427200
04/14/2021,$41.63,84552400
04/13/2021,$35.25,27227600
04/12/2021,$35.27,66734400
04/09/2021,$39.59,37849600
04/08/2021,$42.56,40189600
04/07/2021,$44.49,19073200
04/06/2021,$46.13,24873200
04/05/2021,$46.74,56282000
04/01/2021,$47.86,37337200
03/31/2021,$47.46,33575200
03/30/2021,$48.62,68379600
03/29/2021,$45.33,40168800
03/26/2021,$45.25,149722800
03/25/2021,$45.94,203849200
03/24/2021,$30.08,96711600
03/23/2021,$45.44,57716400
03/22/2021,$48.62,40246000
03/19/2021,$50.07,98709200
03/18/2021,$50.44,47059600
03/17/2021,$52.45,65926400
03/16/2021,$52.04,141691600
03/15/2021,$55.03,96401600
03/12/2021,$66.13,103383600
03/11/2021,$65.00,113250000
03/10/2021,$66.25,286282400
03/09/2021,$61.72,156397200
03/08/2021,$48.63,254262400
03/05/2021,$34.44,122934800
03/04/2021,$33.09,130427600
03/03/2021,$31.05,77095600
03/02/2021,$29.55,135132000
03/01/2021,$30.10,199176000
02/26/2021,$25.43,368776800
02/25/2021,$27.18,601235200
02/24/2021,$22.93,332446800
02/23/2021,$11.24,30260800
02/22/2021,$11.50,77904000
02/19/2021,$10.15,59312800
02/18/2021,$10.17,95962400
02/17/2021,$11.48,36747200
02/16/2021,$12.38,32700000
02/12/2021,$13.10,58293200
02/11/2021,$12.77,52226800
02/10/2021,$12.80,145820000
02/09/2021,$12.58,107372400
02/08/2021,$15.00,102749200
02/05/2021,$15.94,325380000
02/04/2021,$13.38,249709200
02/03/2021,$23.10,170794000
02/02/2021,$22.50,312732400
02/01/2021,$56.25,149528800
01/29/2021,$81.25,202264400
01/28/2021,$48.40,235263200
01/27/2021,$86.88,373586800
01/26/2021,$36.99,714352000
01/25/2021,$19.20,711496000
01/22/2021,$16.25,788631600
01/21/2021,$10.76,224867600
01/20/2021,$9.78,133887200
01/19/2021,$9.84,298887600
01/15/2021,$8.88,187465600
01/14/2021,$9.98,374869600
01/13/2021,$7.85,578006800
01/12/2021,$4.99,28242800
01/11/2021,$4.99,59632000
01/08/2021,$4.42,25928000
01/07/2021,$4.52,24517200
01/06/2021,$4.59,24224800
01/05/2021,$4.34,19846000
01/04/2021,$4.31,40090000
12/31/2020,$4.71,27690800
12/30/2020,$4.82,23737600
12/29/2020,$4.84,36965600
12/28/2020,$5.25,35863600
12/24/2020,$5.04,25048800
12/23/2020,$5.14,103321200
12/22/2020,$4.86,122610800
12/21/2020,$3.88,39504400
12/18/2020,$3.91,66475200
12/17/2020,$3.71,32779600
12/16/2020,$3.46,23460400
12/15/2020,$3.46,32759200
12/14/2020,$3.18,40028400
12/11/2020,$3.33,29987600
12/10/2020,$3.53,30235600
12/09/2020,$3.41,97431600
12/08/2020,$4.24,64480800
12/07/2020,$4.09,29545200
12/04/2020,$4.22,35890800
12/03/2020,$4.03,25180000
12/02/2020,$4.14,31533600
12/01/2020,$3.95,50615600
11/30/2020,$4.14,127934000
11/27/2020,$4.02,50016800
11/25/2020,$3.69,35440400
11/24/2020,$3.42,28732800
11/23/2020,$3.47,38396400
11/20/2020,$3.18,33581600
11/19/2020,$3.12,47150400
11/18/2020,$2.89,12676800
11/17/2020,$2.91,26712800
11/16/2020,$3.02,39099200
11/13/2020,$2.75,14143600
11/12/2020,$2.78,17413200
11/11/2020,$2.94,19530400
11/10/2020,$2.78,15304000
11/09/2020,$2.87,24979600
11/06/2020,$2.96,22072800
11/05/2020,$2.86,18820800
11/04/2020,$2.73,23231600
11/03/2020,$2.89,29818000
11/02/2020,$2.69,20908000
10/30/2020,$2.62,46187600
10/29/2020,$2.93,16663200
10/28/2020,$2.95,25554400
10/27/2020,$3.17,28924000
10/26/2020,$3.36,53505200
10/23/2020,$3.75,26029200
10/22/2020,$3.73,64848800
10/21/2020,$3.53,21447600
10/20/2020,$3.46,26416000
10/19/2020,$3.48,52676400
10/16/2020,$3.33,46606400
10/15/2020,$3.46,159579200
10/14/2020,$3.06,43045600
10/13/2020,$2.97,40718800
10/12/2020,$2.95,94622800
10/09/2020,$3.01,308611200
10/08/2020,$3.37,305814400
10/07/2020,$2.34,13234400
10/06/2020,$2.28,18141600
10/05/2020,$2.37,11220000
10/02/2020,$2.35,17362000
10/01/2020,$2.44,18216400
09/30/2020,$2.55,24316000
09/29/2020,$2.59,20950400
09/28/2020,$2.52,27057200
09/25/2020,$2.51,30060800
09/24/2020,$2.29,31755200
09/23/2020,$2.51,42604800
09/22/2020,$2.64,139010000
09/21/2020,$2.19,30559200
09/18/2020,$2.37,69630000
09/17/2020,$2.30,68106800
09/16/2020,$2.17,77025200
09/15/2020,$1.77,22974000
09/14/2020,$1.73,40476000
09/11/2020,$1.52,24244800
09/10/2020,$1.56,62233200
09/09/2020,$1.84,36272400
09/08/2020,$1.92,39266400
09/04/2020,$1.91,30648000
09/03/2020,$1.96,57378000
09/02/2020,$1.93,52044400
09/01/2020,$1.91,92634400
08/31/2020,$1.67,151904000
08/28/2020,$1.35,16947600
08/27/2020,$1.31,13537600
08/26/2020,$1.28,11118800
08/25/2020,$1.25,11994800
08/24/2020,$1.22,18341600
08/21/2020,$1.26,42570400
08/20/2020,$1.15,9764800
08/19/2020,$1.18,10450400
08/18/2020,$1.20,15337600
08/17/2020,$1.16,9484000
08/14/2020,$1.19,13897600
08/13/2020,$1.16,8513200
08/12/2020,$1.13,12230400
08/11/2020,$1.09,12555200
08/10/2020,$1.08,18247200
08/07/2020,$1.04,13364400
08/06/2020,$1.11,7604800
08/05/2020,$1.16,19677200
08/04/2020,$1.11,41445600
08/03/2020,$1.04,10070400
07/31/2020,$1.00,7517600
07/30/2020,$1.02,9594000
07/29/2020,$1.01,11518400
07/28/2020,$0.99,18221600
07/27/2020,$1.00,9890800
07/24/2020,$1.01,8863600
07/23/2020,$1.03,12948800
07/22/2020,$1.03,10094000
07/21/2020,$1.00,13351600
07/20/2020,$0.96,13604400
07/17/2020,$0.99,12263600
07/16/2020,$1.04,5320400
07/15/2020,$1.05,5896400
07/14/2020,$1.02,9046400
07/13/2020,$1.07,16864800
07/10/2020,$1.09,5643200
07/09/2020,$1.05,7970400
07/08/2020,$1.07,8211200
07/07/2020,$1.02,9826400
07/06/2020,$1.06,8563600
07/02/2020,$1.07,7550400
07/01/2020,$1.11,9214800
06/30/2020,$1.09,15556000
06/29/2020,$1.10,8524800
06/26/2020,$1.09,15204800
06/25/2020,$1.12,9803200
06/24/2020,$1.10,11904800
06/23/2020,$1.21,12821600
06/22/2020,$1.22,12715600
06/19/2020,$1.22,29466400
06/18/2020,$1.24,13695200
06/17/2020,$1.19,14374000
06/16/2020,$1.16,12485200
06/15/2020,$1.17,15636000
06/12/2020,$1.18,17512800
06/11/2020,$1.09,24944000
06/10/2020,$1.27,42425600
06/09/2020,$1.24,32293600
06/08/2020,$1.25,40534800
06/05/2020,$1.03,25097600
06/04/2020,$1.12,14057200
06/03/2020,$1.11,12149600
06/02/2020,$1.04,9477600
06/01/2020,$1.03,10446400
05/29/2020,$1.01,15846800
05/28/2020,$1.08,8735600
05/27/2020,$1.17,12586400
05/26/2020,$1.11,14182800
05/22/2020,$1.04,9519600
05/21/2020,$1.11,7887600
05/20/2020,$1.11,10174400
05/19/2020,$1.11,7362800
05/18/2020,$1.14,9456800
05/15/2020,$1.05,7762400
05/14/2020,$1.03,8019600
05/13/2020,$1.05,11531600
05/12/2020,$1.13,10556800
05/11/2020,$1.19,6796800
05/08/2020,$1.25,9410400
05/07/2020,$1.22,10003200
05/06/2020,$1.23,13478400
05/05/2020,$1.35,8423600
05/04/2020,$1.37,16272400
05/01/2020,$1.51,16022400
04/30/2020,$1.43,8693200
04/29/2020,$1.51,13478400
04/28/2020,$1.41,20800800
04/27/2020,$1.46,29100400
04/24/2020,$1.19,8944800
04/23/2020,$1.17,9063600
04/22/2020,$1.22,10711200
04/21/2020,$1.20,16568400
04/20/2020,$1.40,24340000
04/17/2020,$1.22,22612800
04/16/2020,$1.26,13487600
04/15/2020,$1.32,29999600
04/14/2020,$1.49,54026400
04/13/2020,$1.18,27378000
04/09/2020,$0.97,23634400
04/08/2020,$0.85,11538000
04/07/2020,$0.82,11347600
04/06/2020,$0.77,13362000
04/03/2020,$0.70,15321600
04/02/2020,$0.71,16257200
04/01/2020,$0.81,18274800
03/31/2020,$0.88,9203600
03/30/2020,$0.91,13402400
03/27/2020,$1.05,28099200
03/26/2020,$1.10,24742800
03/25/2020,$1.04,14368400
03/24/2020,$1.04,27222400
03/23/2020,$0.95,24039200
03/20/2020,$0.94,30888800
03/19/2020,$1.05,20158000
03/18/2020,$0.94,14606800
03/17/2020,$1.06,14248800
03/16/2020,$1.09,19466800
03/13/2020,$1.15,23148800
03/12/2020,$1.00,20493600
03/11/2020,$1.03,17656400
03/10/2020,$1.06,19452800
03/09/2020,$0.93,10928000
03/06/2020,$0.98,8387200
03/05/2020,$0.99,14397600
03/04/2020,$0.94,17030400
03/03/2020,$0.91,17130000
03/02/2020,$0.96,12833600
02/28/2020,$0.90,18768800
02/27/2020,$0.87,15518000
02/26/2020,$0.85,18899200
02/25/2020,$0.89,17791600
02/24/2020,$0.93,14265200
02/21/2020,$1.01,6782800
02/20/2020,$1.03,6249200
02/19/2020,$1.04,10372400
02/18/2020,$1.01,5870400
02/14/2020,$1.00,6330800
02/13/2020,$1.03,8326800
02/12/2020,$1.05,19282400
02/11/2020,$1.00,13660000
02/10/2020,$0.99,11108000
02/07/2020,$0.95,10969200
02/06/2020,$1.03,6041200
02/05/2020,$1.04,10566800
02/04/2020,$1.02,14252400
02/03/2020,$0.99,8102400
01/31/2020,$0.96,11566800
01/30/2020,$0.98,12026000
01/29/2020,$1.03,6210400
01/28/2020,$1.05,8579600
01/27/2020,$1.07,8490000
01/24/2020,$1.08,16654400
01/23/2020,$1.15,7520800
01/22/2020,$1.14,10510000
01/21/2020,$1.15,14128400
01/17/2020,$1.19,16078000
01/16/2020,$1.15,17148400
01/15/2020,$1.15,19924400
01/14/2020,$1.18,50247600
01/13/2020,$1.36,14500800
01/10/2020,$1.36,11125600
01/09/2020,$1.39,10572000
01/08/2020,$1.43,22517600
01/07/2020,$1.38,20912000
01/06/2020,$1.46,13579200
01/03/2020,$1.47,14175600
01/02/2020,$1.58,17814400
